{
    "How do you replace coolant thermostat": [
        "https://www.wikihow.com/Replace-a-Thermostat-in-a-Car",
        "https://www.youtube.com/watch?v=RIC6Z4D6Q3E",
        "https://mechanicbase.com/coolant/thermostat-symptoms/",
        "https://shop.advanceautoparts.com/r/car-projects/how-to-replace-a-vehicle-thermostat",
        "https://oards.com/how-to-replace-car-thermostat/",
        "https://www.howacarworks.com/cooling-systems/how-to-replace-a-car-thermostat",
        "https://www.trustmymechanic.com/how-to-replace-the-thermostat-in-your-car/",
        "https://chevroletforum.com/how-tos/a/chevrolet-silverado-1999-2006-how-to-replace-thermostat-and-housing-392998",
        "https://shop.advanceautoparts.com/r/advice/cars-101/how-a-car-thermostat-works-and-signs-that-it-needs-replacement",
        "https://www.2carpros.com/articles/replace-thermostat"
    ],
    "How is library science vand information science related": [
        "https://en.wikipedia.org/wiki/Library_and_information_science",
        "https://librarysciencedegreesonline.org/what-is-library-science/",
        "https://ischool.uw.edu/programs/mlis/what-is-library-science",
        "https://www.collegefactual.com/majors/library-science/library-information-science/related-majors/",
        "https://open.umn.edu/opentextbooks/textbooks/1433",
        "https://www.sciencedirect.com/topics/social-sciences/library-and-information-science",
        "https://csi.pressbooks.pub/lis/front-matter/introduction/",
        "https://en.wikipedia.org/wiki/Outline_of_library_and_information_science",
        "https://en.wikipedia.org/wiki/Library_and_information_scientist",
        "https://guides.loc.gov/library-science/introduction"
    ],
    "Which phase is the non dividing stage": [
        "https://blog.prepscholar.com/mitosis-phases-prophase-metaphase-anaphase-telophase",
        "https://en.wikipedia.org/wiki/Cell_cycle",
        "https://sciencenotes.org/cell-cycle-phases-and-checkpoints/",
        "https://bio.libretexts.org/Bookshelves/Human_Biology/Book%3A_Human_Biology_(Wakim_and_Grewal)/07%3A_Cell_Reproduction/7.2%3A_Cell_Cycle_and_Cell_Division",
        "https://quizlet.com/133986282/cell-cycle-quiz-flash-cards/",
        "https://socratic.org/questions/which-phase-of-the-cell-cycle-is-characterized-by-a-non-dividing-cell",
        "https://biologydictionary.net/interphase/",
        "https://bio.libretexts.org/Courses/Lumen_Learning/Fundamentals_of_Biology_II_(Lumen)/14%3A_Module_11-_Cell_Division_and_Cell_Cycle/14.05%3A_The_Cell_Cycle",
        "https://biology.arizona.edu/cell_bio/tutorials/cell_cycle/cells2.html",
        "https://pressbooks.gvsu.edu/humangenetics/chapter/chapter-7-cell-cycle-and-cell-division/"
    ],
    "How much has michael vick worth after release from prison": [
        "https://fanbuzz.com/nfl/michael-vick-net-worth/",
        "https://www.celebritynetworth.com/articles/sports-news/michael-vick-just-completed-stunning-financial-debt-repayment-no-one-expected-wasnt-legally-required/",
        "https://www.theatlantic.com/culture/archive/2020/02/30-for-30-michael-vick-redemption-espn/606241/",
        "https://www.grunge.com/367176/how-michael-vick-ended-up-with-no-money/",
        "https://marketrealist.com/what-is-michael-vicks-net-worth/",
        "https://www.nickiswift.com/1029958/what-michael-vicks-life-in-prison-was-really-like/",
        "https://www.celebritynetworth.com/richest-athletes/nfl/michael-vick-net-worth/",
        "https://www.sportskeeda.com/nfl/michael-vick-net-worth-and-salary",
        "https://www.espn.com/nfl/story/_/id/6826625/with-michael-vick-successfully-returning-time-prison-teams-took-chance-plaxico-burress",
        "https://www.npr.org/sections/thetwo-way/2011/08/30/140060853/-100-million-six-year-deal-for-michael-vick"
    ],
    "How can you get rid of dog fleas": [
        "https://betterpet.com/how-to-get-rid-of-fleas-naturally/",
        "https://www.akc.org/expert-advice/health/how-to-get-rid-of-fleas/",
        "https://www.petsradar.com/advice/why-is-my-flea-treatment-not-working-our-vet-offers-some-answers",
        "https://www.webmd.com/pets/remedies-for-fleas",
        "https://www.webmd.com/pets/remove-fleas-from-pet",
        "https://www.cdc.gov/fleas/section-name/index.html",
        "https://www.dogster.com/dog-health-care/how-to-get-rid-of-fleas-on-my-dog",
        "https://nativepet.com/blogs/health/home-remedies-for-fleas-on-dogs",
        "https://www.akc.org/expert-advice/health/forcing-the-fleas-to-flee/",
        "https://www.rspca.org.uk/adviceandwelfare/pets/general/fleas"
    ],
    "This is the third largest oceans": [
        "https://oceaninfo.com/list/largest-oceans-and-seas/",
        "https://www.worldatlas.com/articles/the-oceans-of-the-world-by-size.html",
        "https://earthhow.com/5-oceans/",
        "https://www.americanoceans.org/facts/biggest-oceans-and-seas/",
        "https://www.cia.gov/the-world-factbook/about/archives/2022/oceans/indian-ocean/",
        "https://largest.org/nature/oceans/",
        "https://www.usatoday.com/story/news/2022/12/13/what-is-largest-ocean-on-earth/8191191001/",
        "https://www.thoughtco.com/geography-of-the-worlds-oceans-1435193",
        "https://www.cia.gov/the-world-factbook/oceans/indian-ocean/",
        "https://eartheclipse.com/science/geography/5-oceans-of-the-world.html"
    ],
    "What is kristen steawerts brothers name": [
        "https://tvshowstars.com/kristen-stewart-siblings/",
        "https://vergewiki.com/cameron-b-stewart",
        "https://www.famousbirthdays.com/people/cameron-stewart.html",
        "https://bodyheightweight.com/kristen-stewart-family-and-love-life/",
        "https://www.imdb.com/name/nm0829576/bio/",
        "https://ecelebritymirror.com/celebrity-siblings/kristen-stewart-siblings/",
        "https://vergewiki.com/taylor-stewart",
        "https://en.wikipedia.org/wiki/Kristen_Stewart",
        "https://people.com/all-about-kristen-stewart-parents-john-and-jules-mann-stewart-8583049",
        "https://www.bustle.com/articles/66146-does-kristen-stewart-have-any-siblings-shes-grew-up-with-a-band-of-brothers"
    ],
    "What type of relief is the coastal plains": [
        "https://www.britannica.com/science/coastal-landform",
        "https://www.nationalgeographic.org/encyclopedia/coastal-plain/",
        "https://sciencing.com/landforms-natural-resources-coastal-plain-8747174.html",
        "https://www.ecologycenter.us/forest-service/coastal-plain.html",
        "https://www.britannica.com/science/coastal-landform/Landforms-of-erosional-coasts",
        "https://link.springer.com/referenceworkentry/10.1007/3-540-31060-6_56",
        "https://www.savemyexams.com/a-level/geography/edexcel/18/revision-notes/3-coastal-landscapes-and-change/3-1-coastal-processes/3-1-1-landscapes-and-features-of-the-littoral-zone/",
        "https://geology.blogs.wm.edu/coastal-plain/",
        "https://en.wikipedia.org/wiki/Coastal_plain",
        "https://www.britannica.com/place/Coastal-Plains-region-North-America"
    ],
    "What do the word anteroposterior means": [
        "https://medical-dictionary.thefreedictionary.com/anteroposterior",
        "https://www.merriam-webster.com/medical/anteroposterior",
        "https://en.wikipedia.org/wiki/Anatomical_terms_of_location",
        "https://www.collinsdictionary.com/dictionary/english/anteroposterior",
        "https://sciencenotes.org/anatomical-terms-of-location-anterior-vs-posterior-and-dorsal-vs-ventral/",
        "https://teachmeanatomy.info/the-basics/anatomical-terminology/terms-of-location/",
        "https://en.wiktionary.org/wiki/anteroposterior",
        "https://www.thefreedictionary.com/anteroposterior",
        "https://www.yourdictionary.com/anteroposterior",
        "https://www.answers.com/medical-terminology/What_does_anteroposterior_medical_term_mean"
    ],
    "Does selena gomez have verizon wireless for her cell phone": [
        "https://graziamagazine.com/articles/selena-gomez-no-phone-three-months/",
        "https://www.youtube.com/watch?v=ii3fkqiCFAU",
        "https://hellogiggles.com/selena-gomez-cell-phone/",
        "https://talesfromthecollection.com/selena-gomez/",
        "https://ca.news.yahoo.com/selena-gomez-learned-not-using-000325223.html",
        "https://www.sportskeeda.com/us/music/why-selena-gomez-instagram-phone-still-tiktok",
        "https://www.msn.com/en-us/entertainment/entertainment-celebrity/why-doesn-t-selena-gomez-have-instagram-on-her-phone-but-still-has-tiktok/ar-BB1nDocc",
        "https://www.ispot.tv/ad/ADnk/verizon-play-it-again-with-selena-gomez",
        "https://www.vulture.com/article/selena-gomez-social-media-breaks.html",
        "https://toofab.com/2016/12/01/how-selena-gomez-went-on-a-90-day-cellphone-fast/"
    ],
    "What is winston churchills big achievements": [
        "https://learnodo-newtonic.com/winston-churchill-accomplishments",
        "https://worldhistoryedu.com/6-major-achievements-of-winston-churchill/",
        "https://winstonchurchill.org/resources/reference/churchills-chart-of-achievements/",
        "https://worldhistoryedu.com/the-life-and-achievements-of-sir-winston-churchill/",
        "https://www.britannica.com/biography/Winston-Churchill",
        "https://en.wikipedia.org/wiki/Winston_Churchill",
        "https://www.history.com/topics/european-history/winston-churchill",
        "https://www.biography.com/political-figures/winston-churchill",
        "https://www.iwm.org.uk/history/how-churchill-led-britain-to-victory-in-the-second-world-war",
        "https://www.britannica.com/biography/Winston-Churchill/Leadership-during-World-War-II"
    ],
    "What is the value of a 1988 barbie collectible": [
        "https://www.txantiquemall.com/holiday-barbies-worth/",
        "https://www.jacquelinestallone.com/most-valuable-holiday-barbie-dolls/",
        "https://www.txantiquemall.com/value-of-collectible-barbie-dolls/",
        "https://www.jacquelinestallone.com/collectible-barbie-dolls/",
        "https://www.valuemystuff.com/us/blog/how-to-value-barbies",
        "https://www.barbiedb.com/",
        "https://www.ebay.com/b/1988-Holiday-Barbie-Dolls-Doll-Playsets/262346/bn_95103330",
        "https://antiquesknowhow.com/holiday-barbies/",
        "https://www.lovetoknow.com/home/antiques-collectibles/value-collectible-barbie-dolls",
        "https://www.fashion-doll-guide.com/1988-Happy-Holiday-Barbie.html"
    ],
    "Who does sleaner gomez love": [
        "https://www.marieclaire.com/celebrity/royals/selena-gomez-benny-blanco-light-in-my-life-best-friend-love-story/",
        "https://www.distractify.com/p/who-is-selena-gomez-dating",
        "https://www.eonline.com/news/1396799/selena-gomez-reveals-what-she-loves-most-about-boyfriend-benny-blanco",
        "https://people.com/selena-gomez-shares-pda-filled-photos-with-boyfriend-benny-blanco-8631199",
        "https://people.com/selena-gomez-benny-blanco-relationship-timeline-8424246",
        "https://www.cnn.com/2023/12/08/entertainment/selena-gomez-relationship-benny-blanco-intl-scli/index.html",
        "https://www.harpersbazaar.com/celebrity/latest/a46077602/selena-gomez-benny-blanco-relationship-timeline/",
        "https://www.eonline.com/news/1325384/selena-gomez-confirms-her-relationship-status-while-debuting-new-hairstyle",
        "https://www.elle.com/culture/celebrities/a45361358/selena-gomez-dating-history/",
        "https://people.com/selena-gomez-so-in-love-with-benny-blanco-best-shes-ever-been-treated-source-exclusive-8629585"
    ],
    "How many books selling online": [
        "https://www.statista.com/topics/1177/book-market/",
        "https://www.forbes.com/advisor/business/how-to-sell-books-online/",
        "https://www.statista.com/topics/1474/e-books/",
        "https://nonfictionauthorsassociation.com/how-many-books-can-you-expect-to-sell-the-truth-about-book-sales-and-the-keys-to-generating-income-from-publishing/",
        "https://sell.amazon.com/learn/how-to-sell-books",
        "https://smartdataweek.com/article/29-book-sales-statistics-facts-and-trends-in-2023",
        "https://www.bookweb.org/btw-topics/industry-statistics",
        "https://www.33rdsquare.com/the-complete-guide-to-amazon-book-sales-statistics-trends-and-insights-for-2023/",
        "https://www.zippia.com/advice/us-book-industry-statistics/",
        "https://eliteauthors.com/blog/book-sales-statistics/"
    ],
    "How much anderson shelters cost in ww2": [
        "https://www.historyhit.com/facts-about-anderson-shelters/",
        "https://historyforkids.org/anderson-shelter-facts-and-information/",
        "https://andersonshelters.org.uk/a-history-of-the-anderson-shelter/",
        "https://andersonshelters.org.uk/",
        "https://www.bbc.co.uk/history/ww2peopleswar/stories/29/a1125929.shtml",
        "https://www.bbc.co.uk/history/ww2peopleswar/stories/62/a3953162.shtml",
        "https://ww2db.com/weapon.php?q=368",
        "https://www.military-history.org/feature/air-raid-shelters.htm",
        "https://www.bbc.co.uk/history/ww2peopleswar/stories/14/a6661514.shtml",
        "https://worldwar2.org.uk/world-war-2-shelters"
    ],
    "What is an exzmple of soliloquy": [
        "https://www.litcharts.com/literary-devices-and-terms/soliloquy",
        "https://literarydevices.net/soliloquy/",
        "https://smartblogger.com/soliloquy-examples/",
        "https://literaryterms.net/soliloquy/",
        "https://www.thoughtco.com/soliloquy-literary-definition-4169546",
        "https://literarydevices.com/soliloquy/",
        "https://blog.daisie.com/understanding-soliloquy-definition-examples-and-usage/",
        "https://www.yourdictionary.com/articles/examples-soliloquy-purpose-drama",
        "https://writingexplained.org/grammar-dictionary/soliloquy",
        "https://www.britannica.com/art/soliloquy"
    ],
    "Who invented first electirc stove and when": [
        "https://en.wikipedia.org/wiki/Electric_stove",
        "https://www.cbsnews.com/news/almanac-the-first-electric-stove/",
        "https://housegrail.com/who-invented-the-kitchen-stove-and-when/",
        "https://www.whothoughtofit.com/who-invented-the-electric-stove/",
        "https://www.chefsresource.com/who-invented-the-electric-stove/",
        "https://worldwideinvention.com/lloyd-groff-copeman-devising-the-first-electric-stove/",
        "https://www.edinformatics.com/inventions_inventors/electric_stove.htm",
        "https://www.inventorsdigest.com/articles/lloyd-copeman-forgotten-genius/",
        "https://nationalmaglab.org/magnet-academy/history-of-electricity-magnetism/museum/electric-range-1892/",
        "https://www.thoughtco.com/history-of-the-oven-from-cast-iron-to-electric-1992212"
    ],
    "What kind of cells make electricity from light": [
        "https://www.energy.gov/eere/solar/solar-photovoltaic-cell-basics",
        "https://www.energysage.com/solar/solar-photovoltaic-cells/",
        "https://www.energy.gov/eere/solar/articles/pv-cells-101-primer-solar-photovoltaic-cell",
        "https://www.explainthatstuff.com/how-photoelectric-cells-work.html",
        "https://www.eia.gov/energyexplained/solar/photovoltaics-and-electricity.php",
        "https://www.explainthatstuff.com/solarcells.html",
        "https://www.energysage.com/solar/solar-panels-work/",
        "https://letstalkscience.ca/educational-resources/backgrounders/generating-electricity-solar-cells",
        "https://www.nrel.gov/research/re-photovoltaics.html",
        "https://your-physicist.com/how-photovoltaic-cells-work/"
    ],
    "Advantages and disadvantages of a bank": [
        "https://efinancemanagement.com/financial-management/advantages-and-disadvantages-of-banks",
        "https://www.forbes.com/advisor/banking/online-banks-vs-traditional-banks/",
        "https://www.usnews.com/banking/articles/pros-and-cons-of-online-banking",
        "https://wise.com/us/blog/online-banking-advantages",
        "https://www.nerdwallet.com/article/banking/pros-cons-online-only-banking",
        "https://www.thebalancemoney.com/types-of-bank-accounts-315458",
        "https://www.fool.com/the-ascent/banks/articles/the-biggest-pros-and-cons-of-online-banks/",
        "https://www.capitalone.com/bank/money-management/banking-basics/benefits-of-checking-accounts/",
        "https://www.investopedia.com/articles/pf/11/benefits-and-drawbacks-of-internet-banks.asp",
        "https://smartasset.com/checking-account/online-vs-traditional-banks-which-is-better"
    ],
    "What is the difference between an electrician and an electrical engineer": [
        "https://www.indeed.com/career-advice/finding-a-job/electrician-vs-electrical-engineer",
        "https://www.indeed.com/career-advice/finding-a-job/electrical-engineering-vs-electrician",
        "https://electronicshacks.com/electrician-vs-electrical-engineer/",
        "https://www.buildstream.co/blog/electrical-engineer-vs-electrician-what-are-the-key-differences",
        "https://saganelectric.com/blog/electrician-vs-electrical-engineer-differences-explained/",
        "https://www.neit.edu/blog/electrician-vs-electrical-engineer",
        "https://www.newscientist.com/nsj/article/electrical-engineer-vs-electrician",
        "https://ca.indeed.com/career-advice/finding-a-job/electrician-vs-electrical-engineer",
        "https://electriciandenver.com/blog/comparing-electricians-and-electrical-engineers-roles-and-responsibilities",
        "https://careers.alot.com/career-paths/electrician-vs-electrical-engineer-whats-the-difference--9072"
    ],
    "What is the sequence to obtain a DNA fingerprint": [
        "https://www.britannica.com/science/DNA-fingerprinting",
        "https://biologydictionary.net/dna-fingerprinting/",
        "https://www.webmd.com/a-to-z-guides/dna-fingerprinting-overview",
        "https://bio.libretexts.org/Workbench/Modern_Genetics/02%3A_How_does_DNA_vary_between_individuals/2.02%3A_Molecular_Genetic_Markers/2.2.01%3A_DNA_Fingerprinting_RFLPs_and_Southern_Blotting",
        "https://le.ac.uk/dna-fingerprinting/explained",
        "https://microbeonline.com/dna-fingerprinting/",
        "https://www.genome.gov/genetics-glossary/DNA-Fingerprinting",
        "https://sciencevivid.com/dna-fingerprinting/",
        "https://bio.libretexts.org/Bookshelves/Microbiology/Microbiology_Laboratory_Manual_(Hartline)/01%3A_Labs/1.32%3A_DNA_Fingerprinting",
        "https://evolution.berkeley.edu/teach-resources/dna-fingerprinting/"
    ],
    "Where is nadia comasneci 's academy the perfect ten": [
        "https://olympics.com/en/news/snapped-reflections-and-revelations-on-comaneci-s-perfect-10",
        "https://www.usatoday.com/story/sports/olympics/rio-2016/2016/07/20/10-gymnast-nadia-comaneci-olympics-montreal/87357146/",
        "https://www.bustle.com/articles/177062-where-is-nadia-comaneci-now-life-since-the-olympic-gymnasts-historic-perfect-10-has-been-full",
        "https://www.youtube.com/watch?v=adlaLvSYjs8",
        "https://www.biography.com/athletes/nadia-comaneci",
        "https://www.usatoday.com/story/sports/olympics/2020/08/08/in-1976-comanecis-perfect-10s-made-her-the-perfect-one/42194087/",
        "https://www.europeana.eu/en/stories/nadia-comaneci-the-first-olympic-gymnast-to-score-a-perfect-10",
        "https://en.wikipedia.org/wiki/Nadia_Com%C4%83neci",
        "https://www.cnn.com/2012/04/03/sport/olympics-nadia-comaneci/index.html",
        "https://www.laureus.com/news/laureus-legend-nadia-comaneci-reflects-on-first-perfect-10"
    ],
    "One pound of confectioners sugar equals how many ounces": [
        "https://www.traditionaloven.com/culinary-arts/sugars/confectioners-sugar/convert-pound-lb-confectioner-sugar-to-ounce-oz-confectioner-sugar.html",
        "https://www.bhg.com/recipes/how-to/bake/cups-in-one-pound-powdered-sugar/",
        "https://www.traditionaloven.com/conversions_of_measures/sugar_amounts.html",
        "https://www.chefsresource.com/how-many-cups-are-in-1-box-of-confectioners-sugar/",
        "https://coolconversion.com/cooking-weight-volume/1~lb~of~confectioner%C2%B4s+sugar~to~cup",
        "https://bakeitwithlove.com/cups-in-a-box-of-powdered-sugar/",
        "https://www.chefsresource.com/how-many-cups-is-1-lb-of-confectioners-sugar/",
        "https://www.inchcalculator.com/convert/ounce-sugar-to-cup-sugar/",
        "https://www.bhg.com/recipes/how-to/bake/how-many-cups-in-one-pound-of-sugar/",
        "https://www.chefsresource.com/faq/how-many-cups-is-1-pound-of-confectioners-sugar/"
    ],
    "What skills are needed to become a surgeon to be successful": [
        "https://www.sgu.edu/blog/medical/essential-qualities-for-becoming-a-surgeon/",
        "https://www.indeed.com/career-advice/finding-a-job/reasons-to-become-surgeon",
        "https://www.forbes.com/advisor/education/healthcare/become-a-surgeon/",
        "https://www.rcseng.ac.uk/careers-in-surgery/careers-support/skills-and-qualities-of-a-surgeon/",
        "https://www.indeed.com/career-advice/finding-a-job/skills-of-a-surgeon",
        "https://www.careeraddict.com/doctor-skills",
        "https://www.indeed.com/career-advice/career-development/how-to-become-surgeon",
        "https://www.bestcolleges.com/healthcare/careers/how-to-become-a-surgeon/",
        "https://www.verywellhealth.com/how-to-become-a-doctor-or-a-surgeon-3157309",
        "https://careersidekick.com/surgeon/"
    ],
    "How much does a 1996 chevy lumina weigh": [
        "https://www.kbb.com/chevrolet/lumina/1996/specs/",
        "https://www.edmunds.com/chevrolet/lumina/1996/features-specs/",
        "https://www.cars.com/research/chevrolet-lumina-1996/",
        "https://www.kbb.com/chevrolet/lumina/1996/",
        "https://www.carfolio.com/chevrolet-lumina-sedan-ls-205667",
        "https://www.edmunds.com/chevrolet/lumina-minivan/1996/features-specs/",
        "https://www.kbb.com/chevrolet/lumina-cargo/1996/specs/",
        "https://www.edmunds.com/chevrolet/lumina/1996/sedan/st-17335/features-specs/",
        "https://www.carsdirect.com/1996/chevrolet/lumina",
        "https://www.carfolio.com/chevrolet-lumina-sedan-171732"
    ],
    "The precipitaion of a cougar": [
        "https://animalia.bio/index.php/cougar",
        "https://www.forestwildlife.org/how-does-a-cougar-adapt-to-its-environment/",
        "https://animalia.bio/north-american-cougar",
        "https://www.explorationjunkie.com/cougar/",
        "https://www.nwf.org/Educational-Resources/Wildlife-Guide/Mammals/Mountain-Lion",
        "https://www.nationalgeographic.com/animals/mammals/facts/cougar",
        "https://www.nwf.org/Magazines/National-Wildlife/2013/FebMarch/Conservation/On-the-Trail-of-Cougars",
        "https://www.earth.com/news/national-cougar-day-the-crucial-ecological-role-of-cougars/",
        "https://animalsake.com/cougar-mountain-lion-habitat",
        "https://www.fws.gov/species/eastern-cougar-puma-concolor-couguar"
    ],
    "What are the Functions of proteins to the body": [
        "https://www.healthline.com/nutrition/functions-of-protein",
        "https://www.verywellhealth.com/what-does-protein-do-8419502",
        "https://bio.libretexts.org/Bookshelves/Introductory_and_General_Biology/General_Biology_(Boundless)/03%3A_Biological_Macromolecules/3.07%3A_Proteins_-_Types_and_Functions_of_Proteins",
        "https://medlineplus.gov/genetics/understanding/howgeneswork/protein/",
        "https://www.verywellhealth.com/what-is-a-protein-5076292",
        "https://www.sciencelearn.org.nz/resources/209-role-of-proteins-in-the-body",
        "https://med.libretexts.org/Bookshelves/Nutrition/Human_Nutrition_2020e_(Hawaii)/06%3A_Protein/6.05%3A_Proteins_Functions_in_the_Body",
        "https://www.nature.com/scitable/topicpage/protein-function-14123348/",
        "https://www.medicalnewstoday.com/articles/310118",
        "https://pressbooks.oer.hawaii.edu/humannutrition2e22/chapter/6-proteins-functions-in-the-body/"
    ],
    "How much did the vietnam war cost per day": [
        "https://www.thebalancemoney.com/vietnam-war-facts-definition-costs-and-timeline-4154921",
        "https://www.usatoday.com/story/money/2019/06/13/cost-of-war-13-most-expensive-wars-in-us-history/39556983/",
        "https://alphahistory.com/vietnamwar/costs-of-the-vietnam-war/",
        "https://www.statista.com/statistics/1333806/us-military-expenditure-vietnam-war/",
        "https://www.statista.com/topics/10008/us-war-in-vietnam/",
        "https://www.history.com/topics/vietnam-war/vietnam-war-history",
        "https://www.history.navy.mil/research/library/online-reading-room/title-list-alphabetically/c/costs-major-us-wars.html",
        "https://www.britannica.com/event/Vietnam-War",
        "https://apps.dtic.mil/sti/tr/pdf/AD0774217.pdf",
        "https://thevietnamwar.info/how-much-vietnam-war-cost/"
    ],
    "Largest living life on earth": [
        "https://en.wikipedia.org/wiki/Largest_organisms",
        "https://www.discovery.com/nature/the-largest-living-thing-on-earth-is-a-3-5-square-mile-fungus",
        "https://www.treehugger.com/largest-living-things-organisms-planet-4859216",
        "https://www.newscientist.com/gallery/biggest-organisms/",
        "https://www.deseret.com/utah/2021/8/15/22609608/worlds-largest-and-possibly-oldest-living-organism-resides-in-utah-aspens/",
        "https://www.discovermagazine.com/planet-earth/5-of-the-biggest-animals-to-ever-live-on-earth",
        "https://www.worldatlas.com/articles/what-is-the-largest-living-thing-in-the-world.html",
        "https://www.scientificamerican.com/article/strange-but-true-largest-organism-is-fungus/",
        "https://www.atlasobscura.com/articles/largest-organism-humongous-fungus",
        "https://en.wikipedia.org/wiki/Armillaria_ostoyae"
    ],
    "The twinkling of stars is caused by": [
        "https://starchild.gsfc.nasa.gov/docs/StarChild/questions/question26.html",
        "https://www.livescience.com/32315-why-do-stars-twinkle.html",
        "https://skyandtelescope.org/astronomy-resources/why-do-stars-twinkle/",
        "https://en.wikipedia.org/wiki/Twinkling",
        "https://www.zmescience.com/feature-post/space-astronomy/astronomy-articles/why-stars-twinkle-10112021/",
        "https://www.youtube.com/watch?v=73c_0ZAqSU0",
        "https://www.scientificamerican.com/article/why-do-stars-twinkle/",
        "https://www.skyatnightmagazine.com/space-science/why-do-stars-twinkle",
        "https://starwalk.space/en/news/why-do-stars-twinkle",
        "https://nineplanets.org/questions/stars-appear-twinkle/"
    ],
    "What kind of music is listened toin costa rica": [
        "https://en.wikipedia.org/wiki/Music_of_Costa_Rica",
        "https://costarica.org/people/music/",
        "https://explorecostarica.org/traditional-music-and-dance-a-cultural/",
        "https://www.costarica.com/culture/costa-rican-music",
        "https://ticotravel.com/the-music-of-costa-rica/",
        "https://thecostaricanews.com/the-magic-and-cultural-diversity-of-costa-rican-music/",
        "https://www.01centralamerica.com/costa-rica/music-from-costa-rica/",
        "https://www.thenosaracurrent.com/post/music-is-the-heartbeat-of-costa-rica-a-country-with-a-rich-tapestry-of-musical-history-and-styles",
        "https://worldmusiccentral.org/world-music-resources/musician-biographies/costa-rican-music/",
        "https://thecostaricanews.com/vital-essence-culture-of-costa-rica/"
    ],
    "Width of a football field in yards": [
        "https://en.wikipedia.org/wiki/American_football_field",
        "https://athlonsports.com/college-football/how-long-football-field",
        "https://www.dimensions.com/element/american-football-field",
        "https://www.stack.com/a/the-dimensions-of-a-football-field/",
        "https://www.rookieroad.com/how-many-yards-wide-is-a-football-field-3003022/",
        "https://americansportsplanet.com/dimensions-of-a-football-field-all-you-need-to-know/",
        "https://www.sportsfeelgoodstories.com/football-field-dimensions-size-diagram/",
        "https://www.networldsports.com/buyers-guides/football-field-dimensions-guide",
        "https://huffsports.com/how-long-is-a-football-field/",
        "https://www.rookieroad.com/dimensions-of-an-american-football-field-7743625/"
    ],
    "What is revolution of the sun": [
        "https://en.wikipedia.org/wiki/Earth%27s_orbit",
        "https://www.britannica.com/video/151528/Earth-rotation-axis-revolution-Sun",
        "https://www.space.com/does-the-sun-rotate",
        "https://science.nasa.gov/sun/facts/",
        "https://www.thoughtco.com/revolution-geography-definition-1434848",
        "https://www.thoughtco.com/rotation-and-revolution-definition-astronomy-3072287",
        "https://www.albert.io/blog/earths-rotation-and-revolution/",
        "https://www.astronomy.ohio-state.edu/pogge.1/Ast161/Unit4/movearth.html",
        "https://study.com/academy/lesson/revolution-of-the-earth-speed-effects.html",
        "https://sciencing.com/calculate-planets-revolution-around-sun-8472620.html"
    ],
    "How do snakes adapt to there enviornment": [
        "https://www.scientificamerican.com/article/an-evolutionary-big-bang-explains-why-snakes-come-in-so-many-strange-varieties/",
        "https://faunafacts.com/snakes/snake-adaptations/",
        "https://theconversation.com/warm-winters-are-waking-snakes-early-heres-what-that-means-for-them-and-us-237556",
        "https://sciencing.com/snakes-adapt-forest-8701682.html",
        "https://www.snakesforpets.com/how-do-snakes-adapt-to-the-desert/",
        "https://zoonerdy.com/what-adaptations-do-snakes-have-to-survive-in-their-environment-2/",
        "https://snakesnuggles.com/how-do-snakes-breathe/",
        "https://sciencing.com/importance-snakes-ecosystem-8078550.html",
        "https://environment.desi.qld.gov.au/wildlife/animals/living-with/snakes/importance",
        "https://www.nationalobserver.com/2021/04/29/news/what-snakes-can-teach-us-climate-change"
    ],
    "Lil wayne 's favorite type of movie": [
        "https://www.ranker.com/list/best-lil-wayne-movies-list-of-lil-wayne-films/reference",
        "https://www.reeditionmagazine.com/to-the-minute/the-best-lil-wayne-movies-a-comprehensive-guide-to-his-cinematic-contributions",
        "https://www.tvguide.com/celebrities/lil-wayne/credits/3030057363/",
        "https://www.lilwaynehq.com/filmography/",
        "https://www.imdb.com/filmosearch/?sort=year&role=nm1211443",
        "https://en.wikipedia.org/wiki/The_Carter",
        "https://ilianahughes.medium.com/lil-wayne-movies-listed-in-order-36d26bf70905",
        "https://www.rottentomatoes.com/celebrity/1135309-lil_wayne",
        "https://www.aceshowbiz.com/celebrity/lil_wayne/filmography.html",
        "https://www.themoviedb.org/person/95353-lil-wayne"
    ],
    "Where to get legendary pokemon on tppcrpg": [
        "https://wiki.tppc.info/Legendary_Pok%C3%A9mon",
        "https://forums.tppc.info/showthread.php?t=149516",
        "https://tpkrpg.net/forums/view_thread.php?id=4034",
        "https://wiki.pokerogue.net/guides:legendary_locations_guide",
        "https://bulbapedia.bulbagarden.net/wiki/TPPC",
        "https://wiki.tppc.info/Training_Accounts",
        "https://wiki.tppc.info/TPPC_Wiki",
        "https://www.tppcrpg.net/",
        "https://www.reddit.com/r/tppcrpg/",
        "https://forums.pokemmo.com/index.php?/topic/81062-legendary-pokemon-guide/"
    ],
    "What is moon jelly a radial or bilateral": [
        "https://en.wikipedia.org/wiki/Aurelia_aurita",
        "https://www.americanoceans.org/species/moon-jelly/",
        "https://www.marinelab.org/marinelab-blog/toqh7dbyqv3c5i9ci92f00elcstifb",
        "https://animaldiversity.org/accounts/Aurelia_aurita/",
        "https://themoonjellyfish.weebly.com/anatomy.html",
        "https://sta.uwi.edu/fst/lifesciences/sites/default/files/lifesciences/images/Aurelia%20aurita%20-%20Moon%20Jellyfish.pdf",
        "https://www.theatlantic.com/technology/archive/2015/06/jellyfish-regenerate-stay-symmetrical/396029/",
        "https://www.montereybayaquarium.org/animals/animals-a-to-z/moon-jelly",
        "https://www.thoughtco.com/moon-jellyfish-4692397",
        "https://australian.museum/learn/animals/jellyfish/moon-jelly/"
    ],
    "Does she love corbin blu": [
        "https://people.com/tv/who-is-sasha-clements-corbin-bleu/",
        "https://people.com/celebrity/corbin-bleu-and-sasha-clements-are-married/",
        "https://www.eonline.com/news/1354229/see-the-moment-corbin-bleu-met-future-wife-sasha-in-the-grocery-store",
        "https://culturess.com/2021/07/31/interview-hallmark-channel-corbin-bleu-love-for-real/",
        "https://people.com/corbin-bleu-shares-favorite-wedding-memory-with-sasha-clements-exclusive-8648881",
        "https://www.etonline.com/news/193996_corbin_bleu_marries_longtime_love_sasha_clements",
        "https://www.the-sun.com/entertainment/4232407/who-is-corbin-bleu-married-to/",
        "https://www.thesun.co.uk/tvandshowbiz/celebrities/16981954/who-is-corbin-bleu-married-to/",
        "https://www.yahoo.com/entertainment/corbin-bleu-married-high-school-042512563.html",
        "https://www.sportskeeda.com/pop-culture/who-corbin-bleu-married-to-high-school-musical-star-monique-coleman-opens-former-s-emotional-support"
    ],
    "What is grammatical cohesion": [
        "https://academicmarker.com/academic-guidance/vocabulary/cohesive-devices/what-are-the-four-types-of-grammatical-cohesion/",
        "https://en.wikipedia.org/wiki/Cohesion_(linguistics)",
        "https://aeo.sllf.qmul.ac.uk/writing/cohesion-and-coherence/",
        "https://eltconcourse.com/training/initial/grammar_essentials/cohesion_essentials.html",
        "https://www.eapfoundation.com/writing/cohesion/",
        "https://study.com/academy/lesson/elements-of-cohesion-in-writing.html",
        "https://www.eslfluency.com/language-skills/writing/cohesion-and-coherence/5856/",
        "https://americanenglish.state.gov/files/ae/resource_files/etf_55_4_02-13_-_title__improving_cohesion_in_l2_writing__a_three-strand_approach_to_building_lexical_cohesion__0.pdf",
        "https://writingcenter.gmu.edu/writing-resources/general-writing-practices/cohesion-and-coherence",
        "https://www.teachingenglish.org.uk/professional-development/teachers/knowing-subject/c/cohesion"
    ],
    "What family does a lizard come from": [
        "https://www.britannica.com/animal/lizard",
        "https://en.wikipedia.org/wiki/Lizard",
        "https://en.wikipedia.org/wiki/Evolution_of_reptiles",
        "https://www.britannica.com/animal/lizard/Annotated-classification",
        "https://animalcorner.org/animals/lizards/",
        "https://www.britannica.com/animal/lizard/Natural-history",
        "http://www.cyberlizard.org.uk/lizards_families.html",
        "https://a-z-animals.com/animals/lizard/",
        "https://www.livescience.com/56017-lizard-facts.html",
        "https://dinoanimals.com/animals/lizards/"
    ],
    "How much do event planners make yearly": [
        "https://www.payscale.com/research/US/Job=Event_Planner/Salary",
        "https://www.indeed.com/career-advice/pay-salary/how-much-do-event-planners-make",
        "https://www.glassdoor.com/Salaries/event-planner-salary-SRCH_KO0,13.htm",
        "https://www.careerexplorer.com/careers/event-planner/salary/",
        "https://www.thimble.com/blog/how-much-do-event-planners-make",
        "https://www.indeed.com/career/event-planner/salaries",
        "https://www.glassdoor.com/Salaries/events-planner-salary-SRCH_KO0,14.htm",
        "https://www.salary.com/research/salary/recruiting/event-planner-salary",
        "https://money.usnews.com/careers/best-jobs/meeting-convention-and-event-planner/salary",
        "https://www.jobted.com/salary/event-planner"
    ],
    "What did the person that invented the first motor bike look like": [
        "https://science.howstuffworks.com/innovation/inventions/first-motorcycle.htm",
        "https://www.topspeed.com/motorcycles/motorcycle-news/who-invented-motorcycles-the-story-of-the-first-motorcycle/",
        "http://www.bicyclehistory.net/motorcycle-history/first-motorcycle/",
        "https://www.thoughtco.com/history-of-the-motorcycle-1992151",
        "https://en.wikipedia.org/wiki/History_of_the_motorcycle",
        "https://www.discoverwalks.com/blog/world/who-invented-the-motorcycle-key-facts-and-dates/",
        "https://www.wired.com/2011/08/0830daimler-first-true-motorcycle/",
        "https://automotivehistory.org/first-motorcycle-ride/",
        "https://www.runmotorun.com/motorcycle-musings/origin-of-the-motorcycle",
        "https://www.visordown.com/features/general/who-invented-motorcycle"
    ],
    "What are some cloven hooved animals": [
        "https://faunafacts.com/animals/animals-with-cloven-hooves/",
        "https://a-z-animals.com/reference/cloven-hoofed/",
        "https://animalofthings.com/animals-with-cloven-hooves/",
        "https://wildlifeboss.com/animals-with-cloven-hooves/",
        "https://a-z-animals.com/blog/hoofed-animals/",
        "https://classroom.synonym.com/what-animals-have-cloven-hooves-chew-their-cud-12083996.html",
        "https://www.hummingbirdsplus.org/nature-blog-network/the-unique-adaptations-of-cloven-hoofed-animals/",
        "https://wildexplained.com/blog/animals-with-hooves/",
        "https://animalsresearch.com/cloven-hoofed-animals/",
        "https://www.thoughtco.com/even-toed-hoofed-mammals-130019"
    ],
    "1963 five dollar bill with red serial numbers": [
        "https://oldcurrencyvalues.com/1963_five_dollar_bills/",
        "https://oldcurrencyvalues.com/red_seal_five_dollar_bills/",
        "https://www.coinvaluechecker.com/how-much-is-1963-5-dollar-bill-worth/",
        "https://www.33rdsquare.com/1963-5-dollar-bill-value/",
        "https://www.historytools.org/collectible/1963-5-dollar-bill-value",
        "https://www.papermoneywanted.com/1963-five-dollar-legal-tender-or-united-states-notes",
        "https://www.coinvaluelookup.com/how-much-is-a-1963-5-bill-worth/",
        "https://www.liveauctioneers.com/price-result/1963-5-bill-red-seal/",
        "https://en.numista.com/catalogue/note201830.html",
        "https://www.youtube.com/watch?v=ET2DRBHCNkc"
    ],
    "How do you get rid of acene fast": [
        "https://www.wikihow.com/Get-Rid-of-Acne-Fast",
        "https://www.glamour.com/story/how-to-get-rid-of-a-pimple",
        "https://www.healthline.com/nutrition/13-acne-remedies",
        "https://health.clevelandclinic.org/a-dermatologists-advice-on-how-to-get-rid-of-a-pimple",
        "https://www.wikihow.com/Heal-Acne-Fast-and-Naturally",
        "https://www.goodhousekeeping.com/beauty/anti-aging/a36395/how-to-quickly-get-rid-of-pimples/",
        "https://www.medicalnewstoday.com/articles/322455",
        "https://www.mayoclinic.org/diseases-conditions/acne/diagnosis-treatment/drc-20368048",
        "https://dermcollective.com/how-to-get-rid-of-acne-fast/",
        "https://www.verywellhealth.com/how-to-get-rid-of-pimples-7853364"
    ],
    "What is a moderately slow oven": [
        "https://www.womensweeklyfood.com.au/foodie-facts/oven-temperature-conversions-1314/",
        "https://en.wikipedia.org/wiki/Oven_temperatures",
        "https://www.chefsresource.com/what-temperature-is-a-moderate-oven/",
        "https://www.apronfreecooking.com/hints-and-tips/oven-temperature-chart/",
        "https://www.homemade-dessert-recipes.com/oven-temperature-guide.html",
        "https://recipes.net/articles/oven-temperature-conversion/",
        "https://recipegoldmine.com/kitchart/oven-temperature-conversion.html",
        "https://vintagerecipeproject.com/oven-temperatures/",
        "https://www.bostongirlbakes.com/oven-baking-temperatures/",
        "https://www.bakinglikeachef.com/oven-temperature-conversion-chart/"
    ],
    "Are Lea and cory dating": [
        "https://www.thelist.com/952614/the-truth-about-cory-monteiths-relationship-with-lea-michele/",
        "https://www.nickiswift.com/672718/the-truth-about-lea-michele-and-cory-monteiths-relationship/",
        "https://www.eonline.com/news/1391868/glees-kevin-mchale-reveals-surprising-way-he-learned-lea-michele-cory-monteith-were-dating-irl",
        "https://www.buzzfeed.com/ashleyperez/a-timeline-of-cory-monteith-and-lea-micheles-relationship",
        "https://www.eonline.com/news/1361520/cory-monteiths-friend-reflects-on-glee-stars-relationship-with-lea-michele",
        "https://www.lifeandstylemag.com/posts/lea-michele-and-cory-monteiths-relationship-timeline-started-on-glee/",
        "https://www.j-14.com/posts/cory-monteith-and-lea-michele-complete-relationship-timeline/",
        "https://www.thelist.com/stories/the-truth-about-cory-monteiths-relationship-with-lea-michele/",
        "https://www.youtube.com/watch?v=MWqfXvC6rEE",
        "https://www.eonline.com/news/1380062/how-lea-michele-is-honoring-cory-monteiths-light-10-years-after-his-tragic-death"
    ],
    "What are some commensasm relationships": [
        "https://wildlifeinformer.com/examples-of-commensalism-relationships/",
        "https://www.thoughtco.com/commensalism-definition-and-examples-4114713",
        "https://www.britannica.com/science/commensalism",
        "https://www.worldatlas.com/animals/10-examples-of-commensalism-in-nature.html",
        "https://biologydictionary.net/commensalism/",
        "https://www.sciencefacts.net/commensalism.html",
        "https://sciencenotes.org/commensalism-definition-and-examples/",
        "https://sciencing.com/commensalism-definition-types-facts-examples-13719235.html",
        "https://faunafacts.com/commensalism/",
        "https://en.wikipedia.org/wiki/Commensalism"
    ],
    "Where are the Black Hills located": [
        "https://www.britannica.com/place/Black-Hills",
        "https://en.wikipedia.org/wiki/Black_Hills",
        "https://morethanjustparks.com/black-hills-national-forest/",
        "https://www.worldatlas.com/mountains/black-hills-south-dakota.html",
        "https://www.blackhillsbadlands.com/",
        "https://www.fs.usda.gov/blackhills",
        "https://southdakota.com/black-hills/",
        "https://www.fs.usda.gov/main/blackhills/about-forest",
        "https://www.visittheusa.com/destination/black-hills",
        "https://www.travelsouthdakota.com/trip-ideas/story/14-surprising-facts-about-south-dakotas-black-hills-and-badlands"
    ],
    "What caused worldwide economic crisis": [
        "https://www.britannica.com/money/financial-crisis-of-2007-2008",
        "https://en.wikipedia.org/wiki/2007%E2%80%932008_financial_crisis",
        "https://www.pbs.org/newshour/show/how-the-2008-financial-crisis-crashed-the-economy-and-changed-the-world",
        "https://www.statista.com/topics/10195/the-global-financial-crisis/",
        "https://academic.oup.com/rcfs/article/4/2/155/1555737",
        "https://www.history.com/topics/21st-century/recession",
        "https://www.thebalancemoney.com/what-caused-2008-global-financial-crisis-3306176",
        "https://www.investopedia.com/terms/f/financial-crisis.asp",
        "https://www.worldbank.org/en/news/feature/2020/06/08/the-global-economic-outlook-during-the-covid-19-pandemic-a-changed-world",
        "https://news.un.org/en/story/2021/05/1091672"
    ],
    "Where does a snowstorm less likely happen": [
        "https://scied.ucar.edu/learning-zone/storms/winter-storms",
        "https://en.wikipedia.org/wiki/Winter_storm",
        "https://nsidc.org/learn/parts-cryosphere/snow/why-snow-matters",
        "https://kids.nationalgeographic.com/science/article/blizzards",
        "https://www.nssl.noaa.gov/education/svrwx101/winter/",
        "https://www.reference.com/science-technology/snow-storms-occur-a77d22260a02de6c",
        "https://www.snexplores.org/article/many-different-snowstorms-science-weather",
        "https://www.nationalgeographic.org/encyclopedia/blizzard/",
        "https://www.nationalgeographic.org/article/maybe-its-cold-outside/",
        "https://www.cnn.com/2021/12/18/weather/weather-snow-squall-hazard-explainer/index.html"
    ],
    "Class action lawsuit": [
        "https://www.classaction.org/list-of-lawsuits",
        "https://topclassactions.com/category/lawsuit-settlements/open-lawsuit-settlements/",
        "https://www.classaction.org/",
        "https://www.classaction.com/",
        "https://www.classaction.org/settlements",
        "https://www.classaction.com/lawsuits/",
        "https://www.forbes.com/advisor/legal/personal-injury/how-start-class-action-lawsuit/",
        "https://www.investopedia.com/terms/c/classaction.asp",
        "https://www.nolo.com/legal-encyclopedia/what-is-a-class-action.html",
        "https://www.consumer-action.org/lawsuits/by-status/open"
    ],
    "Stratified random sampling": [
        "https://www.simplypsychology.org/stratified-random-sampling.html",
        "https://www.scribbr.com/methodology/stratified-sampling/",
        "https://www.investopedia.com/terms/stratified_random_sampling.asp",
        "https://researchmethod.net/stratified-sampling/",
        "https://statisticsbyjim.com/basics/stratified-sampling/",
        "https://en.wikipedia.org/wiki/Stratified_sampling",
        "https://www.scribbr.co.uk/research-methods/stratified-sampling-method/",
        "https://www.qualtrics.com/experience-management/research/stratified-random-sampling/",
        "https://en.wikipedia.org/wiki/Stratified_randomization",
        "https://cales.arizona.edu/classes/rnr321/Ch4.pdf"
    ],
    "Number of quarters in a roll": [
        "https://www.thesprucecrafts.com/number-of-coins-in-roll-768862",
        "https://www.uscoinsvalue.com/how-many-quarters-in-a-roll/",
        "https://learn.apmex.com/answers/how-many-coins-are-in-a-standard-u-s-roll/",
        "https://www.33rdsquare.com/how-many-quarters-in-a-roll/",
        "https://www.supermoney.com/how-much-is-roll-of-quarters",
        "https://coins.thefuntimesguide.com/coin-rolls/",
        "https://cointrackers.com/blog/39/how-many-coins-are-in-a-roll/",
        "https://www.gainesvillecoins.com/blog/how-many-coins-are-in-a-coin-roll",
        "https://greenlight.com/learning-center/fun-facts/how-many-dimes-in-a-roll",
        "https://atticcapital.com/how-many-quarters-in-a-roll/"
    ],
    "Who was in spains first government": [
        "https://en.wikipedia.org/wiki/History_of_Spain",
        "https://www.britannica.com/place/Spain/Government-and-society",
        "https://www.britannica.com/place/Spain/History",
        "https://en.wikipedia.org/wiki/Government_of_Spain",
        "https://en.wikipedia.org/wiki/First_Spanish_Republic",
        "https://archive.org/details/spainsfirstdemoc0000payn",
        "https://www.worldhistory.org/article/2017/colonial-government-in-the-spanish-empire/",
        "https://www.britannica.com/place/Spain",
        "https://www.bbc.com/news/world-europe-17955805",
        "https://assets.cambridge.org/97805218/43331/excerpt/9780521843331_excerpt.pdf"
    ],
    "What si social darwinism": [
        "https://www.britannica.com/topic/social-Darwinism",
        "https://www.history.com/topics/early-20th-century-us/social-darwinism",
        "https://www.simplypsychology.org/social-darwinism.html",
        "https://en.wikipedia.org/wiki/Social_Darwinism",
        "https://www.perlego.com/knowledge/study-guides/what-is-social-darwinism/",
        "https://www.encyclopedia.com/history/united-states-and-canada/us-history/social-darwinism",
        "https://www.oxfordbibliographies.com/abstract/document/obo-9780199756384/obo-9780199756384-0166.xml",
        "https://www.merriam-webster.com/dictionary/social%20Darwinism",
        "https://kids.britannica.com/students/article/Social-Darwinism/313601",
        "https://link.springer.com/referenceworkentry/10.1007/978-3-319-47829-6_137-1"
    ],
    "Persecution of the christian church": [
        "https://en.wikipedia.org/wiki/Persecution_of_Christians",
        "https://www.opendoors.org/en-US/persecution/countries/",
        "https://www.historytoday.com/archive/causes-early-persecutions",
        "https://www.vaticannews.va/en/church/news/2022-01/persecution-against-christians-on-the-rise-worldwide.html",
        "https://www.christianity.com/church/church-history/why-early-christians-were-despised-11629610.html",
        "https://en.wikipedia.org/wiki/Persecution_of_Christians_in_the_Roman_Empire",
        "https://www.vaticannews.va/en/church/news/2024-01/anti-christian-persecution-on-the-rise-according-to-open-doors.html",
        "https://en.wikipedia.org/wiki/Persecution_of_Christians_in_the_New_Testament",
        "https://academic.oup.com/past/article/261/1/3/6982747",
        "https://www.vaticannews.va/en/church/news/2023-01/over-360-million-christians-suffering-persecution-in-the-world.html"
    ],
    "Where does saltwater sponges live": [
        "https://animals.net/sea-sponge/",
        "https://oceanservice.noaa.gov/facts/sponge.html",
        "https://en.wikipedia.org/wiki/Sponge",
        "https://oceaninfo.com/animals/sea-sponge/",
        "https://myreef.aquariumdepot.com/how-to-look-after-sea-sponges/",
        "https://www.worldatlas.com/articles/sea-sponge-facts-animals-of-the-ocean.html",
        "https://www.algaebarn.com/blog/saltwater-aquariums/sponges/sponges-in-the-marine-aquarium/",
        "https://www.thoughtco.com/sponges-profile-2291833",
        "https://oceanexplorer.noaa.gov/facts/sponge-diversity.html",
        "https://guide.poriferatreeoflife.org/"
    ],
    "The photic zone has an maximum depth of": [
        "https://en.wikipedia.org/wiki/Photic_zone",
        "https://www.britannica.com/science/photic-zone",
        "https://oceanservice.noaa.gov/facts/light_travel.html",
        "https://sciencing.com/lives-photic-zone-8235174.html",
        "https://www.encyclopedia.com/science/encyclopedias-almanacs-transcripts-and-maps/photic-zone-0",
        "https://www.euston96.com/en/photic-zone/",
        "https://sciencestruck.com/helpful-guide-to-understand-photic-zone",
        "https://library.fiveable.me/key-terms/concepts-bio/photic-zone",
        "https://k12.libretexts.org/Bookshelves/Science_and_Technology/Earth_Science/09%3A_Earth's_Oceans/9.03%3A_Ocean_Zones",
        "https://sciencequery.com/what-is-photic-zone/"
    ],
    "Blue and pink make what": [
        "https://thecolorsmeaning.com/what-color-blue-pink-make-mixed/",
        "https://www.color-meanings.com/what-color-blue-pink-make-mixed/",
        "https://colordesigner.io/color-mixer",
        "https://artincontext.org/what-color-does-blue-and-pink-make/",
        "https://www.homemade-gifts-made-easy.com/mixing-blue-and-pink.html",
        "https://nicklachey.com/mixing-pink-and-blue-what-color-do-they-create/",
        "https://thisweekinlibraries.com/mixing-pink-and-blue-exploring-the-resulting-color/",
        "https://thisweekinlibraries.com/what-color-do-blue-and-pink-make/",
        "https://thecolorsmeaning.com/color-mixing-chart-guide/",
        "https://colorscombo.com/what-color-does-blue-and-pink-make/"
    ],
    "What are the various irrigation practices in the villages": [
        "https://www.talkofthevillages.com/forums/landscape-talk-129/watering-schedule-320894/",
        "https://www.villagescommunity.com/news/-what-are-the-current-watering-guidelines",
        "https://www.districtgov.org/departments/utilities/irrigation.aspx",
        "https://www.talkofthevillages.com/forums/villages-florida-general-discussion-73/lawn-irrigation-questions-317456/",
        "https://www.nationalgeographic.org/encyclopedia/irrigation/",
        "https://www.sciencedirect.com/science/article/pii/S2211464523000805",
        "https://en.wikipedia.org/wiki/Irrigation",
        "https://link.springer.com/article/10.1007/s40030-021-00569-2",
        "https://study.com/academy/lesson/definition-types-of-irrigation.html",
        "https://www.academia.edu/15795230/Irrigation_practices_irrigation_development_interventions_and_local_politics_Re_thinking_the_role_of_place_over_time_in_a_village_in_Baltistan_in_central_Karakorum"
    ],
    "How do you care for newborn pitbull pups": [
        "https://pitbulls.org/article/guide-stages-pit-bull-puppy-development",
        "https://pethelpful.com/dogs/pit-bull-puppies-from-birth-to-six-weeks",
        "https://www.pawtracks.com/dogs/care-for-pitbull-puppy/",
        "https://vetexplainspets.com/how-to-take-care-of-baby-pitbulls/",
        "https://www.rover.com/blog/pitbull-puppies-everything-you-need-to-know/",
        "https://thepitbullcenter.com/pit-bull-care/",
        "https://www.wikihow.com/Take-Care-of-a-Pitbull-Puppy",
        "https://petventuresbook.com/blogs/dog-breeds/owners-guide-to-pitbull-puppies",
        "https://thehappypuppysite.com/pitbull-growth-chart/",
        "https://vetexplainspets.com/how-to-take-care-of-a-pitbull-puppy/"
    ],
    "10 common defects characteristics in timber": [
        "https://northcastlehw.com/blogs/wood/lumber-defects-explained-causes-and-effects",
        "https://civiltoday.com/civil-engineering-materials/timber/85-defects-in-timber-types-and-reasons",
        "https://theconstructor.org/building/types-of-defects-in-timber/21521/",
        "https://www.decks.com/how-to/articles/common-wood-defects-types-causes-of-lumber-issues",
        "https://www.wildedgewoodcraft.com/blog/11-most-common-lumber-defects-and-their-remedies",
        "https://woodworkhub.us/wood-and-lumber-for-woodworking/understanding-wood-defects-imperfections/",
        "https://www.buildersmart.in/blogs/defects-in-timber/",
        "https://wknightconsulting.com/types-of-defects-in-timber/",
        "https://treetotimber.com/defects-in-timbers-types-and-prevention/",
        "https://civilengineeringx.com/traditional-materials/defects-in-timber/"
    ],
    "What are chinas important landmarks": [
        "https://www.chinahighlights.com/travelguide/article-china-landmarks.htm",
        "https://www.travelchinaguide.com/cityguides/famous-landmarks.htm",
        "https://www.destguides.com/china/china-landmarks-famous-landmarks-in-china",
        "https://thetripgoeson.com/china-landmarks/",
        "https://www.chinahighlights.com/travelguide/china-top-10-attractions.htm",
        "https://travel2next.com/china-landmarks/",
        "https://theadventurousfeet.com/china-landmarks-most-beautiful-places-in-china/",
        "https://www.planetware.com/tourist-attractions/china-chn.htm",
        "https://www.jonesaroundtheworld.com/famous-landmarks-in-china/",
        "https://www.destguides.com/china/china-landmarks-famous-landmarks-in-china-visual-story"
    ],
    "What are utahs four largest cities": [
        "https://www.biggestuscities.com/ut",
        "https://www.worldatlas.com/cities/10-largest-cities-in-utah.html",
        "https://worldpopulationreview.com/us-cities/utah",
        "https://www.biggestuscities.com/ut/2020",
        "https://www.lavidanomad.com/biggest-cities-in-utah/",
        "https://www.areavibes.com/ut/largest-cities/",
        "https://www.biggestuscities.com/ut/2019",
        "https://a-z-animals.com/blog/discover-the-largest-cities-in-utah-by-population-total-area-and-economic-impact/",
        "https://www.measuredhs.com/top-10-largest-utah-cities-by-population/",
        "https://propertyclub.nyc/article/largest-cities-in-utah"
    ],
    "What are two powers that the legislative branch has": [
        "https://www.whitehouse.gov/about-the-white-house/our-government/the-legislative-branch/",
        "https://classroom.synonym.com/what-powers-does-the-legislative-branch-have-12082815.html",
        "https://www.history.com/topics/us-government-and-politics/legislative-branch",
        "https://www.britannica.com/study/legislative-branch",
        "https://www.law.cornell.edu/constitution/articlei",
        "https://constitution.congress.gov/browse/essay/artI-S1-2-4/ALDE_00001314/['article',%20'2',%20'branch',%20'powers']",
        "https://constitution.congress.gov/browse/essay/artI-1/ALDE_00000242/",
        "https://constitutioncenter.org/education/constitution-101-curriculum/7-the-legislative-branch-how-congress-works",
        "https://www.thoughtco.com/the-legislative-branch-of-us-government-3322299",
        "https://www.history.com/topics/us-government-and-politics/checks-and-balances"
    ],
    "Branches on every division of philosophy": [
        "https://www.thecollector.com/what-are-the-branches-of-philosophy/",
        "https://en.wikipedia.org/wiki/Outline_of_philosophy",
        "https://leverageedu.com/blog/branches-of-philosophy/",
        "https://en.wikibooks.org/wiki/Introduction_to_Philosophy/The_Branches_of_Philosophy",
        "https://philosophystudent.org/philosophy-branches/",
        "https://www.worldatlas.com/philosophy/what-are-the-major-branches-of-philosophy.html",
        "https://www.ponderingphilosopher.com/the-different-branchings-of-philosophy/",
        "https://philosophy.lander.edu/intro/what.shtml",
        "https://philosophybreak.com/what-is-philosophy-definition-4-core-branches/",
        "https://study.com/academy/lesson/the-branches-of-philosophy.html"
    ],
    "What do the people in lebanon speak": [
        "https://www.worldatlas.com/articles/what-languages-are-spoken-in-lebanon.html",
        "https://en.wikipedia.org/wiki/Languages_of_Lebanon",
        "https://higherlanguage.com/what-language-do-they-speak-in-lebanon/",
        "https://www.commisceo-global.com/resources/country-guides/lebanon-guide",
        "https://www.worldatlas.com/articles/the-culture-of-lebanon.html",
        "https://en.wikipedia.org/wiki/Lebanese_Arabic",
        "https://culturalatlas.sbs.com.au/lebanese-culture/lebanese-culture-communication",
        "https://en.wikipedia.org/wiki/Lebanese_people",
        "https://talkinarabic.com/levantine/what-language-is-spoken-in-lebanon/",
        "https://today.lorientlejour.com/article/1414580/lebanons-tri-lingual-evolution-in-arabic-french-english.html"
    ],
    "What is the reason for the novel The Da Vinci Code": [
        "https://www.sparknotes.com/lit/davincicode/summary/",
        "https://en.wikipedia.org/wiki/The_Da_Vinci_Code",
        "https://www.bbc.co.uk/programmes/articles/5nD9yKRX1SyhRdP0ZX95qm7/the-strange-true-story-behind-the-da-vinci-code",
        "https://bookanalysis.com/dan-brown/the-da-vinci-code/summary/",
        "https://bookanalysis.com/dan-brown/the-da-vinci-code/",
        "https://bookanalysis.com/dan-brown/the-da-vinci-code/historical-context/",
        "https://www.enotes.com/topics/da-vinci",
        "https://www.supersummary.com/the-da-vinci-code/summary/",
        "https://www.encyclopedia.com/arts/educational-magazines/da-vinci-code",
        "https://bookbrief.io/books/the-da-vinci-code-dan-brown/summary"
    ],
    "How many millimeter in one liter": [
        "https://www.unitconverters.net/volume/l-to-ml.htm",
        "https://www.thecalculatorsite.com/conversions/liquidvolume/milliliters-to-liters.php",
        "https://www.checkyourmath.com/convert/volume/ml_liters.php",
        "https://www.calculateme.com/volume/liters/to-milliliters/1",
        "https://www.calculatorology.com/how-many-ml-in-a-liter/",
        "https://www.convertunits.com/from/ml/to/liter",
        "https://www.calculateme.com/volume/liters/to-milliliters/",
        "https://www.inchcalculator.com/convert/milliliter-to-liter/",
        "https://convertlive.com/u/convert/milliliters/to/liters",
        "https://www.splashlearn.com/math-vocabulary/milliliter-to-liter"
    ],
    "What language do people speak in Angola": [
        "https://en.wikipedia.org/wiki/Languages_of_Angola",
        "https://www.worldatlas.com/articles/what-languages-are-spoken-in-angola.html",
        "https://www.youtube.com/watch?v=G2bL92Xdgfw",
        "https://www.justlanded.com/english/Angola/Angola-Guide/Language/Languages-in-Angola",
        "https://www.commisceo-global.com/resources/country-guides/angola-guide",
        "https://worldwisefacts.com/what-language-is-spoken-in-angola/",
        "https://www.wikiwand.com/en/articles/Languages_of_Angola",
        "https://carmentablog.com/the-languages-of-angola-a-journey-through-the-countrys-multilingual-society/",
        "https://www.getblend.com/blog/languages-of-angola/",
        "https://www.howtolearnalanguage.info/countries-languages/angola"
    ],
    "How can you delete your millsberry": [
        "https://gameslikefinder.com/article/gaming-archive-millsberry/",
        "https://www.youtube.com/watch?v=YsrgCdEATTc",
        "https://www.reddit.com/r/nostalgia/comments/imbol5/did_anyone_else_play_millsberry_im_still_sad_it/",
        "https://www.reddit.com/r/NoStupidQuestions/comments/l7m9vr/does_anyone_remember_the_website_millsberry_why/",
        "https://www.youtube.com/watch?v=t6wB1A6cMpk",
        "https://millsberry.fandom.com/wiki/Millsberry",
        "https://www.salon.com/2022/11/07/revisiting-millsberry-the-wild-rise-and-fall-of-general-mills-virtual-cereal-themed-town/",
        "https://www.reddit.com/r/nostalgia/comments/jsbt1u/help_tyler_rewrite_millsberry/",
        "https://www.youtube.com/watch?v=qBaEAqQWlxQ",
        "https://www.facebook.com/rememberingmillsberry/"
    ],
    "Would be a key to preventing future genocide": [
        "https://www.ids.ac.uk/news/what-can-be-done-to-prevent-genocide/",
        "https://en.wikipedia.org/wiki/Genocide_prevention",
        "https://themoderatevoice.com/steps-for-preventing-future-genocides-a-look-at-genocide-throughout-the-world/",
        "https://www.unesco.org/en/articles/critical-thinking-and-learning-about-past-are-key-preventing-future-genocides",
        "https://www.un.org/en/genocideprevention/15th-anniversary.shtml",
        "https://www.un.org/en/genocide-prevention/",
        "https://www.ushmm.org/genocide-prevention/blog/international-response-to-prevent-future-genocides",
        "https://newsroom.ucla.edu/stories/when-it-comes-to-stopping-genocide-theres-a-will-but-not-a-way",
        "https://news.un.org/en/story/2023/01/1132792",
        "https://earlywarningproject.ushmm.org/reports/countries-at-risk-for-mass-killing-2023-24-early-warning-project-statistical-risk-assessment-results"
    ],
    "How many teaspoons in one half ounce liquid": [
        "https://www.inchcalculator.com/convert/ounce-to-teaspoon/",
        "https://ezunitconverter.com/volume/ounce/teaspoon/1%7C2",
        "https://www.inchcalculator.com/convert/fluid-ounce-to-teaspoon/",
        "https://www.calculateme.com/volume/fluid-ounces/to-teaspoons/",
        "https://www.calculateme.com/volume/fluid-ounces/to-teaspoons/1",
        "https://www.asknumbers.com/ounces-to-teaspoon.aspx",
        "https://ezunitconverter.com/volume-recipes/ounce/teaspoon/1%7C2",
        "https://www.unitconverters.net/volume/teaspoon-us-to-fluid-ounce-us.htm",
        "https://www.convertunits.com/from/oz/to/tsp",
        "https://www.conversion-metric.org/volume/ounce-to-teaspoon"
    ],
    "What are some cheerleading facts": [
        "https://www.factretriever.com/cheerleading-facts",
        "https://facts.net/general/19-fun-facts-about-cheerleading/",
        "https://facts.net/lifestyle/sports/13-facts-about-cheerleading/",
        "https://facts.net/lifestyle/sports/15-fun-facts-about-cheer/",
        "https://www.lovetoknow.com/life/lifestyle/cheerleading-facts",
        "https://sportsaspire.com/interesting-facts-about-cheerleading",
        "https://blog-staging.omnicheer.com/post/did-you-know-10-facts-about-cheerleading/",
        "https://www.stack.com/a/10-things-you-might-not-know-about-cheerleading/",
        "https://www.liveabout.com/cheerleading-history-4080643",
        "https://facts.quest/15-fascinating-facts-about-cheerleading/"
    ],
    "When is the coast guard day celebrated": [
        "https://en.wikipedia.org/wiki/Coast_Guard_Day",
        "https://afd.defense.gov/History/Coast-Guard-Day/",
        "https://www.military.com/military-appreciation-month/origins-of-coast-guard-day.html",
        "https://www.mycg.uscg.mil/News/Article/3116155/the-coast-guard-celebrates-232-years-of-service/",
        "https://www.cnn.com/2019/08/04/us/coast-guard-day-trnd/index.html",
        "https://www.military.com/coast-guard-birthday",
        "https://www.nationaldaycalendar.com/national-day/national-coast-guard-day-august-4",
        "https://www.uso.org/stories/2273-9-coast-guard-facts",
        "https://americanmilitarynews.com/2020/08/heres-the-video-us-coast-guard-released-to-celebrate-its-230th-birthday-today/",
        "https://nationaltoday.com/u-s-coast-guard-birthday/"
    ],
    "How far away it is from mercury": [
        "https://science.nasa.gov/mercury/facts/",
        "https://www.space.com/18646-mercury-distance.html",
        "https://www.astronomy.com/science/mercury/",
        "https://lovethenightsky.com/how-far-away-is-mercury/",
        "https://www.universetoday.com/14165/distance-from-earth-to-mercury/",
        "https://www.space.com/36-mercury-the-suns-closest-planetary-neighbor.html",
        "https://www.universetoday.com/14163/how-far-is-mercury-from-the-sun/",
        "https://nineplanets.org/questions/how-far-is-mercury-from-earth/",
        "https://science.nasa.gov/mercury/",
        "https://starlust.org/how-far-away-is-mercury-now/"
    ],
    "Code for rip jaws in dna": [
        "https://ben10.fandom.com/wiki/Ripjaws_(Classic)",
        "https://www.youtube.com/watch?v=jTsXDK8gAMw",
        "https://ben10.fandom.com/wiki/Ripjaws",
        "https://www.reddit.com/r/Ben10/comments/vv3d4x/codes_for_the_alien_dna_lab_if_you_guys_want_to/",
        "https://www.youtube.com/watch?v=w6FMaS8fNok",
        "https://www.youtube.com/watch?v=vuMhWVw9B7Q",
        "https://ben10.fandom.com/wiki/Ripjaws_(Reboot)",
        "https://ben-10-list.fandom.com/wiki/Ripjaws",
        "https://bio.libretexts.org/Workbench/Principles_of_the_Human_Body/9%3A_DNA_and_Protein_Synthesis/9.05%3A_Genetic_Code",
        "https://ben10verse.fandom.com/wiki/Ripjaws"
    ],
    "Worlds largest chicken": [
        "https://dailychickens.com/largest-chicken-breeds/",
        "https://www.knowyourchickens.com/largest-chicken-breed/",
        "https://www.h2ouse.org/largest-chicken-breed/",
        "https://rurallivingtoday.com/backyard-chickens-roosters/largest-chicken-breeds/",
        "https://www.nypots.com/biggest-chicken-in-the-world/",
        "https://a-z-animals.com/animals/chicken/chicken-facts/10-largest-chickens/",
        "https://www.outdoorhappens.com/largest-chicken-breed-biggest-chicken-in-the-world/",
        "https://largest.org/animals/chicken-breeds/",
        "https://animals.howstuffworks.com/birds/largest-chicken-breed.htm",
        "https://mychickenguide.com/chicken-care/breeds/biggest-chicken-breed/"
    ],
    "What is the postal code of kentucky": [
        "https://www.unitedstateszipcodes.org/ky/",
        "https://www.zip-codes.com/state/ky.asp",
        "https://www.randymajors.org/zipcodegmap?state=KY&onestate=show&labels=show",
        "https://www.zipcodestogo.com/Kentucky/",
        "https://ky.postcodebase.com/",
        "https://us-postoffice.com/zip-codes/kentucky",
        "https://www.geonames.org/postal-codes/US/KY/kentucky.html",
        "https://thezipcodeapp.com/Kentucky",
        "https://www.zipdatamaps.com/en/us/zip-list/state/zip-codes-in-kentucky",
        "https://kentucky.hometownlocator.com/zip-codes/"
    ],
    "What creates a sandstorm": [
        "https://en.wikipedia.org/wiki/Dust_storm",
        "https://eartheclipse.com/environment/sandstorms-causes-effects-facts.html",
        "https://humanidades.com/en/sandstorms/",
        "https://www.nationalgeographic.com/environment/article/are-dust-storms-getting-worse-heres-why-theyre-so-destructive",
        "https://ownyourweather.com/what-is-a-dust-storm/",
        "https://www.washingtonpost.com/weather/2023/05/02/why-are-dust-storms-dangerous/",
        "https://www.dw.com/en/sandstorms-what-are-they-and-why-are-they-more-frequent/a-69630626",
        "https://scijinks.gov/dust-storm/",
        "https://www.accuweather.com/en/accuweather-ready/how-and-where-dust-storms-occur/686881",
        "https://www.unep.org/resources/factsheet/sand-and-dust-storms"
    ],
    "How much does a pound of marijuana cost in the us": [
        "https://tripsitter.com/cannabis/cost/",
        "https://cannabissensei.com/how-much-is-a-pound-of-weed/",
        "https://marijuanarates.com/marijuana-prices-state-average-prices-shop/",
        "https://worldpopulationreview.com/state-rankings/marijuana-cost-by-state",
        "https://oxfordtreatment.com/substance-abuse/marijuana/average-cost-of-marijuana/",
        "https://www.leafly.com/news/industry/us-marijuana-harvest-price-report-2020",
        "https://loudcloudhealth.com/resources/how-much-is-a-pound-of-weed/",
        "https://www.marijuanadoctors.com/blog/average-cost-of-cannabis-across-the-united-states/",
        "https://ogseeds.com/guides/how-much-is-a-pound-of-cannabis/",
        "https://flavorfix.com/guides/how-much-does-weed-cost/"
    ],
    "How do you get the keys in sleuthhound": [
        "https://www.youtube.com/watch?v=nefkbU1pOWs",
        "https://www.youtube.com/watch?v=FL6ds5KrVtU",
        "https://forums2.battleon.com/f/tm.asp?m=17362925",
        "https://www.youtube.com/watch?v=ZHIwK_CaFZM",
        "https://www.nbcnews.com/sports/nfl/packers-eagles-watch-stream-time-key-players-nfl-rcna169945",
        "https://www.fool.com/retirement/2024/09/09/do-women-get-more-money-from-social-security/",
        "http://aqwwiki.wikidot.com/sleuthhound-inn",
        "https://www.economist.com/interactive/us-2024-election/prediction-model/president",
        "https://www.answers.com/archaeology/Where_is_the_skull_key_at_sleuthhound_inn_on_aqw",
        "https://www.cbssports.com/nfl/news/where-to-watch-chiefs-vs-ravens-time-nfl-live-stream-spread-odds-prediction-for-2024-nfl-kickoff-game/"
    ],
    "Where is the largest bridgewho built itwhat kind of bridge is it": [
        "https://www.treehugger.com/worlds-longest-bridges-4869197",
        "https://www.livescience.com/34448-worlds-longest-bridge.html",
        "https://www.worldatlas.com/articles/20-longest-bridges-in-the-world.html",
        "https://www.britannica.com/topic/Verrazano-Narrows-Bridge",
        "https://largest.org/structures/bridges/",
        "https://science.howstuffworks.com/engineering/civil/longest-bridges-in-world.htm",
        "https://www.mentalfloss.com/article/501554/whats-longest-bridge-world",
        "https://www.worldatlas.com/places/the-longest-bridges-in-the-world.html",
        "https://en.wikipedia.org/wiki/Vasco_da_Gama_Bridge",
        "https://www.rd.com/list/longest-bridge-in-the-world/"
    ],
    "Apakah kraf tangan yang dibuat pada kain songket": [
        "https://id.wikipedia.org/wiki/Songket",
        "https://ms.wikipedia.org/wiki/Songket",
        "https://travel.detik.com/travel-news/d-5214655/5-fakta-soal-songket-yang-bikin-kain-ini-semakin-dicintai",
        "https://www.detik.com/edu/detikpedia/d-5717106/mengenal-kain-songket-khas-melayu-dan-jenis-jenisnya",
        "https://fitinline.com/article/read/kenali-asal-mula-kain-songket-palembang-teknik-pembuatan-dan-motifnya/",
        "https://lifestyle.kompas.com/read/2024/04/23/162400120/jenis-kain-songket-berdasarkan-bahannya-apa-saja",
        "https://www.gramedia.com/literasi/kain-songket/",
        "https://blog.knitto.co.id/kain-songket/",
        "https://indonesiaexpat.id/travel/history-culture/songket-palembang-a-distinctive-handwoven-textile/",
        "https://www.liputan6.com/regional/read/5359814/mengenal-kain-songket-sejarah-makna-hingga-penggunaannya"
    ],
    "Why does a carbonated drink become flat when left open": [
        "https://www.livescience.com/32461-why-do-soft-drinks-go-flat.html",
        "https://sodapopcraft.com/can-soda-go-flat-if-unopened/",
        "https://www.reddit.com/r/explainlikeimfive/comments/ussvw/eli5_why_does_an_opened_bottle_of_coke_go_flat/",
        "https://totallydrinks.com/does-soda-go-flat-if-you-dont-open-it/",
        "https://totallydrinks.com/what-makes-soda-flat-faster/",
        "https://phys.org/news/2023-08-chemistry-carbonated-beverages.html",
        "https://lifehacker.com/science-explains-how-carbonation-works-and-why-your-gl-1481962717",
        "http://scienceline.ucsb.edu/getkey.php?key=2210",
        "https://www.mentalfloss.com/article/91127/do-carbonated-drinks-go-flat-quicker-their-sides",
        "https://www.flavorman.com/media/answers-to-your-4-biggest-questions-about-carbonation"
    ],
    "Why sacrifice must environment to achieve development": [
        "https://blogs.worldbank.org/en/climatechange/climate-action-does-not-require-economic-sacrifice",
        "https://news.climate.columbia.edu/2020/01/27/economic-growth-environmental-sustainability/",
        "https://odi.org/en/insights/must-developing-countries-sacrifice-growth-to-save-the-planet/",
        "https://www.ecnmy.org/engage/how-much-should-we-sacrifice-to-help-the-environment/",
        "https://www.linkedin.com/pulse/self-sacrifice-building-block-nations-development-chol-paul-dba",
        "https://www.ifc.org/en/stories/2022/how-to-promote-growth-and-protect-the-planet",
        "https://theconversation.com/effective-climate-action-requires-us-to-abandon-viewing-our-efforts-as-a-sacrifice-213046",
        "https://academic.oup.com/mit-press-scholarship-online/book/14314/chapter/168227651",
        "https://www.weforum.org/agenda/2018/10/can-we-balance-conservation-and-development-science-says-yes/",
        "https://academic.oup.com/edited-volume/28377/chapter/215287711"
    ],
    "How many atoms are contained in eachmolecule of sulfuric acid": [
        "https://quizlet.com/541766039/chapter-2-flash-cards/",
        "https://www.answers.com/chemistry/How_many_atoms_are_in_sulphuric_acid",
        "https://brainly.com/question/40815552",
        "https://brainly.com/question/1197487",
        "https://brainly.com/question/18337009",
        "https://chem.libretexts.org/Bookshelves/Introductory_Chemistry/Book%3A_Introductory_Chemistry_(CK-12)/10%3A_The_Mole/10.02%3A_Conversions_Between_Moles_and_Atoms",
        "https://www.numerade.com/ask/question/how-many-atoms-are-contained-in-each-molecule-of-sulfuric-acid-38784/",
        "https://www.chemicalaid.com/tools/molarmass.php?formula=H2SO4&hl=en",
        "https://www.answers.com/chemistry/How_many_elements_are_in_a_molecule_of_sulfuric_acid",
        "https://www.vedantu.com/chemistry/sulphuric-acid"
    ],
    "Who is the most famous african american mathmatician": [
        "https://www.mashupmath.com/blog/famous-african-american-mathematicians",
        "https://en.wikipedia.org/wiki/List_of_African-American_mathematicians",
        "https://www.havefunwithhistory.com/black-mathematicians/",
        "https://www.sabes.org/content/11-famous-african-american-mathematicians-you-should-know-about/math-and-numeracy-sabes",
        "https://en.wikipedia.org/wiki/Katherine_Johnson",
        "https://math.buffalo.edu/mad/madgreatest.html",
        "https://www.biography.com/scientists/katherine-g-johnson",
        "https://www.bytelearn.com/articles/5-black-mathematicians-who-made-history-a-look-at-the-contributions-of-black-innovators-in-math/",
        "https://www.thefamouspeople.com/african-american-mathematicians.php",
        "https://www.math.upenn.edu/about/department-history/pioneer-african-american-mathematicians"
    ],
    "What kind of cultures do chile have": [
        "https://www.adventure-life.com/chile/articles/culture-of-chile",
        "https://www.worldatlas.com/articles/culture-of-chile.html",
        "https://en.wikipedia.org/wiki/Culture_of_Chile",
        "https://internationalliving.com/countries/chile/culture-and-traditions-in-chile/",
        "https://www.everyculture.com/Bo-Co/Chile.html",
        "https://civilisable.com/chilean-culture/",
        "https://www.learnfromtravel.com/blog/a-brief-guide-to-chile-culture-people-history-language-food-and-arts",
        "https://www.seeinginspanish.com/chilean-culture/",
        "https://www.iexplore.com/articles/travel-guides/central-and-south-america/chile/history-and-culture",
        "https://www.chimuadventures.com/en-us/blog/culture-and-customs-chile"
    ],
    "Gas was used for balloons long time ago": [
        "http://www.historyofballoons.com/balloon-history/history-of-gas-balloons/",
        "https://en.wikipedia.org/wiki/History_of_ballooning",
        "https://en.wikipedia.org/wiki/Gas_balloon",
        "https://sciencehistory.org/stories/magazine/artificial-clouds-and-inflammable-air-the-science-and-spectacle-of-the-first-balloon-flights-1783/",
        "https://www.scientificamerican.com/article/balloon-evolution/",
        "https://balloonfiesta.com/Gas-Balloons-History",
        "https://ltaflightmagazine.com/gas-ballooning-faqs/",
        "https://www.historyofballoons.com/balloon-history/ballooning-history/",
        "https://www.nationalballoonmuseum.com/about/history-of-ballooning/",
        "https://www.bbml.org.uk/first-gas-balloon-flight/"
    ],
    "Can someone infected with syphillis get symptoms a week later": [
        "https://www.cdc.gov/syphilis/about/index.html",
        "https://ada.com/conditions/syphilis-infection/",
        "https://my.clevelandclinic.org/health/diseases/4622-syphilis",
        "https://www.webmd.com/sexual-conditions/types-stages-syphilis",
        "https://www.mayoclinic.org/diseases-conditions/syphilis/symptoms-causes/syc-20351756?shortlink=dc203038&shortlink=dc203038&shortlink=dc203038&shortlink=dc203038&c=Homepage&c=Homepage&c=Homepage&c=Homepage&pid=Web&pid=Web&pid=Web&pid=Web&source_caller=ui&source_caller=ui&source_caller=ui&source_caller=ui&p=1",
        "https://www.verywellhealth.com/first-signs-syphilis-5271655",
        "https://www.aad.org/public/diseases/a-z/syphilis-symptoms",
        "https://www.yalemedicine.org/conditions/syphilis",
        "https://www.merckmanuals.com/home/infections/sexually-transmitted-infections-stis/syphilis",
        "https://www.verywellhealth.com/syphilis-7368490"
    ],
    "Can dogs eat pomegranite seeds": [
        "https://www.akc.org/expert-advice/nutrition/can-dogs-eat-pomegranates/",
        "https://www.dailypaws.com/dogs-puppies/dog-nutrition/what-can-dogs-eat/can-dogs-eat-pomegranate",
        "https://www.m-dog.org/can-dogs-eat-pomegranate-seeds/",
        "https://vetadvises.com/can-dogs-eat-pomegranate-seeds/",
        "https://www.rover.com/blog/can-dog-eat-pomegranate/",
        "https://vetnoms.com/can-dogs-eat-pomegranate-seeds-a-vets-opinion/",
        "https://blog.tryfi.com/can-dogs-eat-pomegranate-seeds/",
        "https://www.greatpetcare.com/dog-nutrition/can-dogs-eat-pomegranate/",
        "https://simplyfordogs.com/can-dogs-eat-pomegranate/",
        "https://gettingadog.com/food-groups/fruits/can-dogs-eat-pomegranate/"
    ],
    "Really interesting facts about hernando cortez": [
        "https://www.thoughtco.com/ten-facts-about-hernan-cortes-2136576",
        "https://www.havefunwithhistory.com/facts-about-hernan-cortes/",
        "https://thehistoryjunkie.com/15-facts-abouthernan-cortes/",
        "https://facts.net/history/15-best-hernan-cortes-interesting-facts/",
        "https://facts.quest/15-interesting-facts-about-hernan-cortes/",
        "https://www.history.com/topics/exploration/hernan-cortes",
        "https://www.biography.com/history-culture/hernan-cortes",
        "https://learnodo-newtonic.com/hernan-cortes-facts",
        "https://www.britannica.com/biography/Hernan-Cortes",
        "https://facts.quest/15-fascinating-facts-about-hernan-cortes/"
    ],
    "What language ia used in greece": [
        "https://www.worldatlas.com/articles/what-language-do-they-speak-in-greece.html",
        "https://en.wikipedia.org/wiki/Languages_of_Greece",
        "https://www.britannica.com/topic/Greek-language",
        "https://en.wikipedia.org/wiki/Greek_language",
        "https://simple.wikipedia.org/wiki/Greek_language",
        "https://www.britannica.com/topic/Greek-language/Modern-Greek",
        "https://www.britannica.com/summary/Greek-language",
        "https://www.greeka.com/greece-culture/language/",
        "https://www.bbc.co.uk/languages/european_languages/countries/greece.shtml",
        "https://www.greecetravelstories.com/language-greece"
    ],
    "Who is the most famous artist in guatemala": [
        "https://theculturetrip.com/central-america/guatemala/articles/7-artists-from-guatemala-you-should-know",
        "https://www.discoverwalks.com/blog/guatemala/top-10-most-famous-people-from-guatemala/",
        "https://theculturetrip.com/central-america/guatemala/articles/9-musicians-you-need-to-know-before-visiting-guatemala-city",
        "https://www.discoverwalks.com/blog/guatemala/carlos-merida-10-facts-about-the-renowned-artist-and-muralist/",
        "https://www.last.fm/tag/guatemala/artists",
        "https://analiamoreiro.com/guatemalan-music-genres-styles-and-iconic-artists-shaping-the-countrys-music-scene/",
        "https://www.wikiart.org/en/carlos-merida",
        "https://www.anywhere.com/guatemala/travel-guide/music-and-art",
        "https://theculturetrip.com/central-america/guatemala/articles/8-guatemalan-bands-you-need-to-listen-to",
        "https://www.britannica.com/biography/Carlos-Merida"
    ],
    "What are some fun sex games": [
        "https://www.cosmopolitan.com/sex-love/g3801/naughty-sex-games/",
        "https://www.theknot.com/content/sex-games-for-couples",
        "https://www.bellesa.co/collective/166/12-amazing-sex-games-to-play-as-a-couple-youre-welcome",
        "https://www.schoolofsquirt.com/sex-games-for-couples/",
        "https://www.pcgamer.com/best-sex-games/",
        "https://www.self.com/gallery/best-sex-games",
        "https://www.gq.com/story/best-sex-games",
        "https://www.mindbodygreen.com/articles/sex-games-for-couples",
        "https://www.menshealth.com/sex-women/g18819245/fun-sex-games-for-couples/",
        "https://www.marieclaire.com/sex-love/g4368/sex-games-for-couples/"
    ],
    "How does an elephant attract its mate": [
        "https://wildlifefaq.com/elephant-reproduction/",
        "https://www.youtube.com/watch?v=144GWb0gLhU",
        "https://facts.net/nature/animals/19-elephant-mating-facts/",
        "https://a-z-animals.com/animals/elephant/elephant-facts/how-do-elephants-mate-2/",
        "https://science.jrank.org/pages/2423/Elephant-Mating.html",
        "https://www.britannica.com/animal/elephant-mammal/Reproduction-and-life-cycle",
        "https://sciencing.com/elephants-mate-4574022.html",
        "https://vetadvises.com/how-elephants-breed/",
        "https://www.ox.ac.uk/news/2019-06-25-older-you-get-harder-you-seek-mating-secrets-africas-bull-elephants-0",
        "https://www.youtube.com/watch?v=Y8qIIIFIZ_g"
    ],
    "How many calories in cooked beef": [
        "https://www.nutritionix.com/food/beef-cooked",
        "https://www.fatsecret.com/calories-nutrition/food/beef",
        "https://www.fatsecret.com/calories-nutrition/generic/beef-cooked-ns-as-to-fat-eaten?portionid=50030&portionamount=100.000",
        "https://www.nutritionix.com/i/usda/beef-ground-93-lean-meat-7-fat-crumbles-cooked-pan-browned-3-oz/463d62375db3cbe1edf881bb",
        "https://www.healthline.com/nutrition/beef",
        "https://www.verywellfit.com/lean-beef-can-be-part-of-a-healthy-diet-2507013",
        "https://www.calories.info/food/meat",
        "https://cheatdaydesign.com/steak-nutrition-guide/",
        "https://www.fatsecret.com/calories-nutrition/generic/ground-beef-regular-cooked",
        "https://www.calorieking.com/us/en/foods/f/calories-in-beef-ground-beef-80-lean-20-fat-pan-browned/MJPo9HnUSnGiV2-9eBsCBw"
    ],
    "How many years do you need to go to college to be a cop": [
        "https://www.police1.com/police-jobs-and-careers/articles/how-to-become-a-police-officer-a-cops-guide-ovveuz8ZfXt47oQ5/",
        "https://www.rasmussen.edu/degrees/justice-studies/blog/how-to-become-a-police-officer/",
        "https://www.indeed.com/career-advice/career-development/how-to-become-a-police-officer",
        "https://www.publicservicedegrees.org/how-to-become/police-officer/",
        "https://www.indeed.com/career-advice/finding-a-job/do-you-need-a-degree-to-be-a-cop",
        "https://www.criminaljusticedegreeschools.com/careers/police-officer/",
        "https://www.how-to-become-a-police-officer.com/education/",
        "https://www.bestcolleges.com/criminal-justice/trades/police-officer/what-to-know/",
        "https://www.careerexplorer.com/careers/police-officer/how-to-become/",
        "https://www.geteducated.com/careers/how-to-become-a-police-officer/"
    ]
}